player,club,pos,double_barrel,picture,19-20 Power Rk,20-21 Power Rk,21-22 Power Rk
Aaron Connolly,BHA,F,no,yes,322,337,483
Aaron Cresswell,WHU,D,no,yes,294,126,85
Aaron Lennon,BUR,M,no,yes,433,,348
Aaron Mooy,BHA,M,no,yes,133,,
Aaron Ramsdale,ARS,G,no,yes,208,351,114
Aaron Wan-Bissaka,MUN,D,yes,yes,48,17,73
Abdoulaye Doucoure,EVE,M,no,yes,200,220,171
Aboubakar Kamara,FUL,F,no,yes,,444,
Adam Armstrong,SOU,F,no,yes,,,318
Adam Forshaw,LEE,M,no,yes,,,287
Adam Idah,NOR,F,no,yes,463,,272
Adam Lallana,BHA,M,no,yes,299,183,305
Adam Masina,WAT,D,no,yes,151,,424
Adam Smith,BOU,D,no,yes,323,,
Adam Webster,BHA,D,no,yes,342,221,237
Adama Traore,WOL,F,no,yes,5,50,125
Addji Keaninkin Marc-Israel Guehi,CRY,D,yes,yes,,,280
Ademola Lookman,LEI,"M,F",no,yes,,127,103
Adrian,LIV,G,no,yes,196,319,
Adrian Mariappa,WAT,D,no,yes,401,,
Ahmed El Mohamady,AVL,D,no,yes,232,155,
Ahmed Hegazi,WBA,D,no,yes,,454,
Ainsley Maitland-Niles,ARS,M,yes,yes,207,279,329
Akin Famewo,NOR,D,no,yes,493,,
Albert Sambi Lokonga,ARS,M,no,yes,,,193
Albian Ajeti,WHU,F,no,yes,510,,
Alejandro Garnacho,MUN,M,no,yes,,,523
Aleksandar Mitrovic,FUL,F,no,yes,,213,
Alex Iwobi,EVE,"M,F",no,yes,118,123,153
Alex Kral,WHU,M,no,yes,,,498
Alex McCarthy,SOU,G,yes,yes,188,266,337
Alex Oxlade-Chamberlain,LIV,M,yes,yes,77,370,220
Alex Telles,MUN,D,no,yes,,179,28
Alexander Tettey,NOR,M,no,yes,311,,
Alexandre Jankewitz,SOU,M,no,yes,,467,
Alexandre Lacazette,ARS,F,no,yes,64,45,84
Alexis Mac Allister,BHA,M,no,yes,432,206,184
Alireza Jahanbakhsh,BHA,F,no,yes,363,296,
Alisson,LIV,G,no,yes,59,162,27
Allan,EVE,M,no,yes,,332,308
Allan Saint-Maximin,NEW,"M,F",yes,yes,17,31,51
Allan Tchaptchet,SOU,D,no,yes,,524,
Alphonse Areola,WHU,G,no,yes,,306,478
Alvaro Fernandez,BRF,G,no,yes,,,404
Amad Diallo,MUN,M,no,yes,,325,
Andi Zeqiri,BHA,M,no,yes,,496,
Andre Gomes,EVE,M,no,yes,396,252,314
Andre Gray,WAT,F,no,yes,377,,
Andre-Frank Zambo Anguissa,FUL,M,yes,yes,,49,
Andreas Christensen,CHE,D,no,yes,243,149,42
Andreas Pereira,MUN,M,no,yes,161,,
Andrew Omobamidele,NOR,D,no,yes,,,439
Andrew Robertson,LIV,D,no,yes,13,46,6
Andrew Surman,BOU,M,no,yes,446,,
Andriy Yarmolenko,WHU,F,no,yes,146,456,467
Andros Townsend,EVE,M,no,yes,113,34,67
Andy Carroll,NEW,F,no,yes,241,339,
Angel Gomes,MUN,M,no,yes,486,,
Angelino,MCI,D,no,yes,263,,
Angelo Ogbonna,WHU,D,no,yes,333,314,376
Angus Gunn,NOR,G,no,yes,328,,382
Anthony Elanga,MUN,F,no,yes,,321,179
Anthony Gordon,EVE,F,no,yes,297,383,168
Anthony Martial,MUN,F,no,yes,28,147,350
Antonee Robinson,FUL,D,no,yes,,139,
Antonio Rudiger,CHE,D,no,yes,198,30,61
Antwoine Hackford,SHU,F,no,yes,,508,
Anwar El Ghazi,EVE,M,no,yes,117,115,316
Armando Broja,SOU,F,no,yes,514,,254
Arnaut Danjuma Groeneveld,BOU,"M,F",no,yes,276,,
Arthur Masuaku,WHU,D,no,yes,213,161,245
Ashley Barnes,BUR,F,no,yes,303,362,412
Ashley Fletcher,WAT,F,no,yes,,,499
Ashley Westwood,BUR,M,no,yes,262,278,387
Ashley Young,AVL,D,no,yes,288,,347
Asmir Begovic,EVE,G,no,yes,,,450
Axel Tuanzebe,AVL,D,no,yes,444,380,408
Aymeric Laporte,MCI,D,no,yes,71,129,36
Ayoze Perez,LEI,"M,F",no,yes,45,134,304
Bailey Peacock-Farrell,BUR,G,yes,yes,,432,
Bali Mumba,NOR,D,no,yes,,,532
Ben Chilwell,CHE,D,no,yes,81,32,140
Ben Davies,TOT,D,no,yes,295,248,154
Ben Foster,WAT,G,no,yes,187,,420
Ben Gibson,NOR,D,no,yes,,,419
Ben Godfrey,EVE,D,no,yes,392,196,334
Ben Johnson,WHU,D,no,yes,437,311,183
Ben Mee,BUR,D,no,yes,261,178,248
Ben Osborn,SHU,M,no,yes,420,338,
Ben White,ARS,D,no,yes,,271,94
Benjamin Mendy,MCI,D,no,yes,44,116,383
Bernard,EVE,"M,F",no,yes,106,288,
Bernardo,BHA,D,no,yes,289,448,
Bernardo Silva,MCI,M,no,yes,12,59,19
Bernd Leno,ARS,G,no,yes,60,234,444
Bertrand Traore,AVL,"M,F",no,yes,,71,400
Billy Gilmour,NOR,M,no,yes,340,346,321
Billy Sharp,SHU,F,no,yes,368,343,
Bjorn Engels,AVL,D,no,yes,400,,
Bobby De Cordova-Reid,FUL,"M,F",yes,yes,,316,
Borja Baston,AVL,F,no,yes,505,,
Boubakary Soumare,LEI,M,no,yes,,,295
Brandon Pierrick,CRY,F,no,yes,489,,
Brandon Williams,NOR,D,no,yes,159,384,372
Branislav Ivanovic,WBA,D,no,yes,,421,
Bruno Fernandes,MUN,M,no,yes,21,3,38
Bruno Guimaraes,NEW,M,no,yes,,,82
Bruno Jordao,WOL,M,no,yes,476,,
Bryan Gil,TOT,M,no,yes,,,504
Bryan Mbeumo,BRF,F,no,yes,,,296
Bukayo Saka,ARS,M,no,yes,217,104,21
Caglar Soyuncu,LEI,D,no,yes,122,109,324
Caleb Watts,SOU,M,no,yes,,507,
Callum Hudson-Odoi,CHE,"M,F",yes,yes,144,170,177
Callum Robinson,WBA,F,no,yes,412,272,
Callum Wilson,NEW,F,no,yes,199,207,214
Calum Chambers,AVL,D,no,yes,257,227,263
Cameron Archer,AVL,F,no,yes,,,529
Caoimhin Kelleher,LIV,G,no,yes,,324,330
Carlos Sanchez,WHU,M,no,yes,459,,
Carlos Vinicius,TOT,F,no,yes,,390,
Carney Chukwuemeka,AVL,M,no,yes,,483,393
Cedric Soares,ARS,D,no,yes,245,242,188
Cengiz Under,LEI,M,no,yes,,373,
Cenk Tosun,EVE,F,no,yes,375,514,511
Cesar Azpilicueta,CHE,D,no,yes,30,24,71
Charlie Austin,WBA,F,no,yes,,499,
Charlie Cresswell,LEE,D,no,yes,,,401
Charlie Daniels,BOU,D,no,yes,449,,
Charlie Goode,BRF,D,no,yes,,,440
Charlie Taylor,BUR,D,no,yes,100,189,195
Che Adams,SOU,F,no,yes,234,130,95
Cheikhou Kouyate,CRY,"D,M",no,yes,304,400,185
Chem Campbell,WOL,F,no,yes,,,510
Chicharito,WHU,F,no,yes,454,,
Chiquinho,WOL,F,no,yes,,,377
Chris Basham,SHU,D,no,yes,163,284,
Chris Mepham,BOU,D,no,yes,409,,
Chris Wood,NEW,F,no,yes,211,215,417
Christian Atsu,NEW,M,no,yes,302,,
Christian Benteke,CRY,F,no,yes,280,39,181
Christian Eriksen,BRF,M,no,yes,155,,135
Christian Fuchs,LEI,D,no,yes,220,225,
Christian Kabasele,WAT,D,no,yes,180,,426
Christian Norgaard,BRF,M,no,yes,,,107
Christian Pulisic,CHE,"M,F",no,yes,24,47,165
Christoph Zimmerman,NOR,D,no,yes,398,,458
Christos Tzolis,NOR,M,no,yes,,,451
Ciaran Clark,NEW,D,no,yes,308,354,427
CJ Egan-Riley,MCI,D,yes,yes,,,488
Claudio Bravo,MCI,G,no,yes,339,,
Cody Drameh,LEE,D,no,yes,,,480
Cole Palmer,MCI,M,no,yes,,,365
Connor Roberts,BUR,D,no,yes,,,210
Connor Wickham,CRY,F,no,yes,474,,
Conor Coady,WOL,D,no,yes,279,341,364
Conor Gallagher,CRY,M,no,yes,,342,90
Conor Hourihane,AVL,M,no,yes,91,286,
Conor Townsend,WBA,D,no,yes,,302,
Craig Cathcart,WAT,D,no,yes,393,,406
Craig Dawson,WHU,D,no,yes,221,137,244
Cristian Romero,TOT,D,no,yes,,,116
Cristiano Ronaldo,MUN,F,no,yes,,,69
Crysencio Summerville,LEE,M,no,yes,,,503
Cucho Hernandez,WAT,F,no,yes,,,155
Curtis Jones,LIV,M,no,yes,366,159,150
Dale Stephens,BUR,M,no,yes,285,434,479
Dan Burn,NEW,D,no,yes,331,212,255
Dan Gosling,WAT,M,no,yes,216,,455
Dane Scarlett,TOT,F,no,yes,,505,490
Dani Ceballos,ARS,M,no,yes,61,36,
Daniel Amartey,LEI,D,no,yes,,352,327
Daniel Bachmann,WAT,G,no,yes,,,414
Daniel Chesters,WHU,M,no,yes,,,517
Daniel James,LEE,"M,F",no,yes,148,235,310
Daniel Jebbison,SHU,F,no,yes,,394,
Daniel N'Lundulu,SOU,F,yes,yes,#N/A,#N/A,#N/A
Daniel Podence,WOL,"M,F",no,yes,268,105,99
Danny Drinkwater,AVL,M,no,yes,428,,
Danny Ings,AVL,F,no,yes,15,82,209
Danny Rose,WAT,D,no,yes,332,,431
Danny Ward,LEI,G,no,yes,,,473
Danny Welbeck,BHA,F,no,yes,416,180,152
Dara O'Shea,WBA,D,yes,yes,#N/A,#N/A,#N/A
Darnell Furlong,WBA,D,no,yes,,350,
Darren Randolph,WHU,G,no,yes,445,436,
Daryl Janmaat,WAT,D,no,yes,274,,
David Brooks,BOU,M,no,yes,318,,
David Button,WBA,G,no,yes,,460,
David de Gea,MUN,G,yes,yes,145,204,169
David Luiz,ARS,D,no,yes,254,280,
David Martin,WHU,G,no,yes,347,,
David McGoldrick,SHU,F,yes,yes,184,273,
David Raya Martin,BRF,G,no,yes,,,196
David Silva,MCI,M,no,yes,9,,
Davinson Sanchez,TOT,D,no,yes,326,217,39
Davy Propper,BHA,M,no,yes,290,441,
Dean Henderson,MUN,G,no,yes,119,167,
DeAndre Yedlin,NEW,D,yes,yes,411,429,
Declan Rice,WHU,M,no,yes,124,175,92
Dejan Kulusevski,TOT,"M,F",no,yes,,,44
Dejan Lovren,LIV,D,no,yes,247,,
Dele Alli,EVE,M,no,yes,37,211,283
Demarai Gray,EVE,"M,F",no,yes,335,494,77
Denis Odoi,FUL,D,no,yes,,438,
Dennis Praet,LEI,M,no,yes,170,192,
Dennis Srbeny,NOR,F,no,yes,473,,
Diego Llorente,LEE,D,no,yes,,216,198
Diego Rico,BOU,D,no,yes,89,,
Dimitri Foulquier,WAT,D,no,yes,455,,
Dimitris Giannoulis,NOR,D,no,yes,,,111
Diogo Dalot,MUN,D,no,yes,457,,66
Diogo Jota,LIV,F,no,yes,98,91,13
Divock Origi,LIV,F,no,yes,173,358,487
Djibril Sidibe,EVE,D,no,yes,75,,
Domingos Quina,WAT,M,no,yes,487,,
Dominic Calvert-Lewin,EVE,F,yes,yes,101,66,208
Dominic Solanke,BOU,F,no,yes,324,,
Dominic Thompson,BRF,D,no,yes,,,463
Donny van de Beek,EVE,M,yes,yes,,295,354
Douglas Luiz,AVL,M,no,yes,240,310,249
Dwight Gayle,NEW,F,no,yes,238,430,512
Dwight McNeil,BUR,M,no,yes,84,141,79
Eberechi Eze,CRY,M,no,yes,,87,241
Eddie Nketiah,ARS,F,no,yes,354,340,212
Ederson,MCI,G,no,yes,62,74,56
Edinson Cavani,MUN,F,no,yes,,169,273
Edo Kayembe,WAT,M,no,yes,,,325
Edouard Mendy,CHE,G,no,yes,,132,130
Elliot Anderson,NEW,M,no,yes,,512,
Ellis Simms,EVE,F,no,yes,,,482
Emerson,CHE,D,no,yes,223,474,521
Emerson Royal,TOT,D,no,yes,,,78
Emil Krafth,NEW,D,no,yes,374,251,343
Emile Smith Rowe,ARS,M,no,yes,456,107,55
Emiliano Buendia,AVL,"M,F",no,yes,42,,87
Emiliano Martinez,AVL,G,no,yes,125,94,339
Emmanuel Dennis,WAT,"M,F",no,yes,,,127
Enda Stevens,SHU,D,no,yes,109,355,
Enock Mwepu,BHA,M,no,yes,,,138
Eric Bailly,MUN,D,no,yes,450,184,453
Eric Dier,TOT,D,no,yes,255,291,211
Eric Garcia,MCI,D,no,yes,176,353,
Erik Lamela,TOT,M,no,yes,166,347,
Erik Pieters,BUR,D,no,yes,239,333,217
Ethan Ampadu,SHU,"D,M",no,yes,,305,
Ethan Pinnock,BRF,D,no,yes,,,204
Etienne Capoue,WAT,M,no,yes,185,,
Evan Ferguson,BHA,F,no,yes,,,514
Ezequiel Schelotto,BHA,D,no,yes,434,,
Ezgjan Alioski,LEE,"D,M",no,yes,,200,
Ezri Konsa Ngoyo,AVL,D,no,yes,352,241,411
Fabian Balbuena,WHU,D,no,yes,373,228,
Fabian Delph,EVE,M,no,yes,301,445,239
Fabian Schar,NEW,D,no,yes,138,396,311
Fabinho,LIV,M,no,yes,56,185,47
Fabio Carvalho,FUL,F,no,yes,,365,
Fabio Silva,WOL,F,no,yes,,268,407
Faustino Anjorin,CHE,F,no,yes,501,,
Federico Fernandez,NEW,D,no,yes,250,345,437
Felipe Anderson,WHU,M,no,yes,34,488,
Femi Seriki,SHU,M,no,yes,,504,
Fernandinho,MCI,M,no,yes,140,81,194
Ferran Torres,MCI,F,no,yes,,75,266
Fikayo Tomori,CHE,D,no,yes,141,480,
Filip Krovinovic,WBA,M,no,yes,,428,
Finley Stevens,BRF,D,no,yes,,,491
Florian Lejeune,NEW,D,no,yes,337,,
Florin Andone,BHA,F,no,yes,389,,
Folarin Balogun,ARS,F,no,yes,,,413
Francisco Femenia Far,WAT,D,no,yes,175,,291
Francisco Sierralta,WAT,D,no,yes,,,438
Frank Onyeka,BRF,M,no,yes,,,349
Fraser Forster,SOU,G,no,yes,,344,277
Fred,MUN,M,no,yes,58,90,68
Freddie Woodman,NEW,G,no,yes,,,446
Frederic Guilbert,AVL,D,no,yes,158,,
Gabriel Jesus,MCI,F,no,yes,6,28,8
Gabriel Magalhaes,ARS,D,no,yes,,194,121
Gabriel Martinelli,ARS,M,no,yes,214,208,22
Gaetan Bong,BHA,D,no,yes,492,,
Gaetano Berardi,LEE,D,no,yes,,356,
Gareth Bale,TOT,"M,F",no,yes,,64,
Gary Cahill,CRY,D,no,yes,344,381,
Gedson Fernandes,TOT,M,no,yes,479,,
George Baldock,SHU,D,no,yes,182,401,
George Hirst,LEI,F,no,yes,472,,
Georges-Kevin Nkoudou,TOT,M,yes,yes,499,,
Georginio Wijnaldum,LIV,M,no,yes,129,168,
Gerard Deulofeu,WAT,"M,F",no,yes,103,,
Giovani Lo Celso,TOT,M,no,yes,142,203,375
Glenn Murray,BHA,F,no,yes,355,,
Grady Diangana,WBA,M,no,yes,,292,
Granit Xhaka,ARS,M,no,yes,312,276,340
Grant Hanley,NOR,D,no,yes,403,,298
Gylfi Sigurdsson,EVE,M,no,yes,104,76,
Hakim Ziyech,CHE,"M,F",no,yes,,100,63
Hal Robson-Kanu,WBA,F,yes,yes,,447,
Hamza Choudhury,LEI,M,no,yes,265,336,328
Hannibal Mejbri,MUN,M,no,yes,,482,485
Harrison Ashby,WHU,D,no,yes,,,493
Harrison Reed,FUL,M,no,yes,,153,
Harry Kane,TOT,F,no,yes,29,2,29
Harry Maguire,MUN,D,no,yes,116,77,190
Harry Wilson,BOU,M,no,yes,169,,
Harry Winks,TOT,M,no,yes,202,419,247
Harvey Barnes,LEI,M,no,yes,31,23,57
Harvey Elliott,LIV,M,no,yes,483,,323
Hassane Kamara,WAT,D,no,yes,,,91
Hector Bellerin,ARS,D,no,yes,212,110,
Helder Costa,LEE,M,no,yes,,262,527
Henri Lansbury,AVL,M,no,yes,441,,
Henrikh Mkhitaryan,ARS,M,no,yes,461,,
Hugo Lloris,TOT,G,no,yes,26,191,134
Hwang Hee-Chan,WOL,F,yes,yes,,,223
Ian Poveda-Ocampo,LEE,F,yes,yes,,493,
Ibrahim Amadou,NOR,"D,M",no,yes,415,,
Ibrahima Diallo,SOU,M,no,yes,,255,213
Ibrahima Konate,LIV,D,no,yes,,,136
Ignacio Pussetto,WAT,M,no,yes,482,,
Iliman Ndiaye,SHU,M,no,yes,,486,
Ilkay Gundogan,MCI,M,no,yes,66,7,24
Illan Meslier,LEE,G,no,yes,,143,301
Imran Louza,WAT,M,no,yes,,,252
Indiana Vassilev,AVL,F,no,yes,512,,
Isaac Hayden,NEW,M,no,yes,266,405,425
Isaac Price,EVE,M,no,yes,,,536
Isaac Success Ajayi,WAT,F,no,yes,491,,
Islam Slimani,LEI,F,no,yes,,490,
Ismaila Sarr,WAT,"M,F",no,yes,94,,139
Issa Diop,WHU,D,no,yes,362,391,388
Ivan Cavaleiro,FUL,"M,F",no,yes,,214,
Ivan Toney,BRF,F,no,yes,,,129
Jack Butland,CRY,G,no,yes,,468,430
Jack Cork,BUR,M,no,yes,391,410,421
Jack Grealish,MCI,"M,F",no,yes,67,4,31
Jack Harrison,LEE,M,no,yes,,48,172
Jack OConnell,SHU,D,yes,yes,300,450,
Jack Robinson,SHU,D,no,yes,424,418,
Jack Rodwell,SHU,M,no,yes,508,,
Jack Simpson,BOU,D,no,yes,464,,
Jack Stacey,BOU,D,no,yes,397,,
Jack Stephens,SOU,D,no,yes,281,229,385
Jack Wilshere,WHU,M,no,yes,448,,
Jacob Murphy,NEW,"D,M",no,yes,,186,203
Jacob Ramsey,AVL,M,no,yes,,320,162
Jacob Sorensen,NOR,D,no,yes,,,380
Jaden Philogene-Bidace,AVL,M,yes,yes,,484,534
Jadon Sancho,MUN,"M,F",no,yes,,,46
Jairo Riedewald,CRY,M,no,yes,370,265,468
Jake Livermore,WBA,M,no,yes,,411,
Jake Vokins,SOU,D,no,yes,467,469,
Jakub Moder,BHA,M,no,yes,,287,268
Jamaal Lascelles,NEW,D,no,yes,394,406,373
Jamal Lewis,NEW,D,no,yes,367,397,443
James Garner,MUN,M,no,yes,511,,
James Justin,LEI,D,no,yes,130,65,285
James Maddison,LEI,M,no,yes,33,27,18
James McArthur,CRY,M,yes,yes,229,218,186
James McAtee,MCI,M,yes,yes,,,507
James McCarthy,CRY,M,yes,yes,260,417,
James Milner,LIV,M,no,yes,157,158,167
James Rodriguez,EVE,"M,F",no,yes,,55,
James Tarkowski,BUR,D,no,yes,99,226,191
James Tomkins,CRY,D,no,yes,282,427,434
James Ward-Prowse,SOU,M,yes,yes,95,84,52
Jamie Shackleton,LEE,M,no,yes,,393,306
Jamie Vardy,LEI,F,no,yes,47,41,43
Jan Bednarek,SOU,D,no,yes,269,138,146
Jan Vertonghen,TOT,D,no,yes,224,,
Jannik Vestergaard,LEI,D,no,yes,286,157,320
Japhet Tanganga,TOT,D,no,yes,317,312,286
Jarrad Branthwaite,EVE,D,no,yes,440,,447
Jarrod Bowen,WHU,"M,F",no,yes,78,154,17
Jason Steele,BHA,G,no,yes,,,474
Javier Manquillo,NEW,D,no,yes,231,377,293
Jay Rodriguez,BUR,F,no,yes,69,376,290
Jayden Bogle,SHU,D,no,yes,,244,
Jayson Molumby,BHA,M,no,yes,,500,
Jean-Philippe Gbamin,EVE,M,yes,yes,462,497,466
Jean-Philippe Mateta,CRY,F,yes,yes,,443,270
Jed Steer,AVL,G,no,yes,465,,484
Jeff Hendrick,NEW,M,no,yes,306,368,495
Jefferson Lerma,BOU,M,no,yes,278,,
Jeffrey Schlupp,CRY,M,no,yes,226,197,106
Jeremy Ngakia,WAT,D,no,yes,430,,300
Jeremy Sarmiento,BHA,F,no,yes,,,469
Jesse Lingard,MUN,M,no,yes,321,83,457
Jesurun Rak-Sakyi,CRY,M,yes,yes,,,472
Jesus Vallejo,WOL,"D,M",no,yes,468,,
Jetro Willems,NEW,D,no,yes,153,,
Jimmy Dunne,BUR,D,no,yes,,330,
Joachim Andersen,CRY,D,no,yes,,210,257
Joao Cancelo,MCI,D,no,yes,55,5,4
Joao Moutinho,WOL,M,no,yes,54,160,205
Joao Pedro,WAT,F,no,yes,475,,178
Joao Virginia,EVE,G,no,yes,,487,
Joe Bryan,FUL,D,no,yes,,299,
Joe Gelhardt,LEE,F,no,yes,,,309
Joe Rodon,TOT,D,no,yes,,318,518
Joel Matip,LIV,D,no,yes,132,190,11
Joel Mumbongo,BUR,F,no,yes,,518,
Joel Veltman,BHA,D,no,yes,,118,180
Joel Ward,CRY,D,no,yes,267,327,288
Joelinton,NEW,"M,F",no,yes,359,223,166
Johann Gudmundsson,BUR,M,no,yes,277,249,345
John Egan,SHU,D,no,yes,215,402,
John Fleck,SHU,M,no,yes,121,367,
John Lundstram,SHU,M,no,yes,252,404,
John McGinn,AVL,M,yes,yes,90,171,64
John Ruddy,WOL,G,no,yes,,465,470
John Stones,MCI,D,no,yes,190,18,74
Jonas Lossl,BRF,G,no,yes,,,464
Jonathan Kodjia,AVL,F,no,yes,506,,
Jonathan Rowe,NOR,F,no,yes,,,513
Jonjo Shelvey,NEW,M,no,yes,123,290,374
Jonjoe Kenny,EVE,D,no,yes,,458,299
Jonny,WOL,D,no,yes,114,372,197
Jonny Evans,LEI,D,no,yes,127,124,201
Jordan Ayew,CRY,F,no,yes,206,261,159
Jordan Henderson,LIV,M,no,yes,23,106,62
Jordan Ibe,BOU,M,no,yes,484,,
Jordan Pickford,EVE,G,no,yes,209,240,265
Jordan Thomas,NOR,D,no,yes,494,,
Jorginho,CHE,M,no,yes,51,12,34
Jose Holebas,WAT,M,no,yes,383,,
Jose Izquierdo,BHA,F,no,yes,,476,
Jose Sa,WOL,G,no,yes,,,206
Joseph Gomez,LIV,D,no,yes,49,335,262
Joseph Willock,NEW,M,no,yes,258,97,112
Josh Benson,BUR,M,no,yes,,449,
Josh Brownhill,BUR,M,no,yes,413,269,176
Josh Maja,FUL,F,no,yes,,300,
Josh Martin,NOR,M,no,yes,488,,
Josh Onomah,FUL,M,no,yes,,386,
Joshua King,WAT,F,no,yes,154,491,199
Joshua Sargent,NOR,F,no,yes,,,357
Josip Drmic,NOR,F,no,yes,379,,
Jota,AVL,M,no,yes,372,,
Juan Foyth,TOT,D,no,yes,382,,
Juan Mata,MUN,M,no,yes,244,245,367
Junior Firpo,LEE,D,no,yes,,,422
Junior Stanislas,BOU,M,no,yes,329,,
Juraj Kucka,WAT,M,no,yes,,,267
Jurgen Locadia,BHA,F,no,yes,469,,537
Kai Havertz,CHE,"M,F",no,yes,,78,65
Kaide Gordon,LIV,M,no,yes,,,492
Kalvin Phillips,LEE,M,no,yes,,187,275
Kamil Grosicki,WBA,M,no,yes,,442,
Karl Darlow,NEW,G,no,yes,,247,403
Karlan Grant,WBA,F,no,yes,,414,
Kasey McAteer,LEI,M,yes,yes,,,497
Kasper Schmeichel,LEI,G,no,yes,88,253,294
Kayky,MCI,F,no,yes,,,524
Kayne Ramsay,SOU,D,no,yes,,472,
Kean Bryan,SHU,D,no,yes,,364,
Keinan Davis,AVL,F,no,yes,348,382,535
Kelechi Iheanacho,LEI,F,no,yes,143,60,242
Kelland Watts,NEW,D,no,yes,507,,
Ken Sema,WAT,M,no,yes,,,379
Kenedy,CHE,M,no,yes,,,362
Kenny McLean,NOR,M,yes,yes,338,,418
Kenny Tete,FUL,D,no,yes,,142,
Kepa Arrizabalaga,CHE,G,no,yes,228,334,399
Kevin Danso,SOU,D,no,yes,386,,
Kevin De Bruyne,MCI,M,no,yes,1,1,3
Kevin Long,BUR,D,no,yes,371,423,448
Ki Sung-Yueng,NEW,M,yes,yes,452,,
Ki-Jana Hoever,WOL,D,yes,yes,,328,397
Kieran Dowell,NOR,M,no,yes,,,312
Kieran Gibbs,WBA,D,no,yes,,420,
Kieran Tierney,ARS,D,no,yes,160,145,59
Kieran Trippier,NEW,D,no,yes,,,279
Kiernan Dewsbury-Hall,LEI,M,yes,yes,,,192
Kieron Freeman,SHU,D,no,yes,496,,
Kiko Casilla,LEE,G,no,yes,,369,
Konstantinos Tsimikas,LIV,D,no,yes,,510,102
Kortney Hause,AVL,D,no,yes,395,239,261
Kouassi Ryan Sessegnon,TOT,M,no,yes,353,,229
Kristoffer Ajer,BRF,D,no,yes,,,158
Kristoffer Klaesson,LEE,G,no,yes,,,489
Kurt Zouma,WHU,D,no,yes,83,29,264
Kyle Bartley,WBA,D,no,yes,,258,
Kyle Edwards,WBA,M,no,yes,,461,
Kyle Walker,MCI,D,no,yes,38,56,53
Kyle Walker-Peters,SOU,D,yes,yes,203,103,142
Leander Dendoncker,WOL,M,no,yes,291,283,282
Leandro Trossard,BHA,"M,F",no,yes,97,73,117
Lee Peltier,WBA,D,no,yes,,439,
Leif Davis,LEE,D,no,yes,,517,
Leighton Baines,EVE,D,no,yes,431,,
Leo Fuhr Hjelde,LEE,D,no,yes,,,501
Leon Bailey,AVL,F,no,yes,,,319
Leon Clarke,SHU,F,no,yes,509,,
Leroy Sane,MCI,F,no,yes,495,,
Lewis Bate,LEE,M,no,yes,,,475
Lewis Brunt,LEI,M,no,yes,,,519
Lewis Cook,BOU,M,no,yes,349,,
Lewis Dobbin,EVE,F,no,yes,,,533
Lewis Dunk,BHA,D,no,yes,253,128,271
Lewis Richardson,BUR,F,no,yes,,501,
Liam Cooper,LEE,D,no,yes,,114,128
Liam Delap,MCI,F,no,yes,,522,528
Liam McCarron,LEE,M,yes,yes,,,516
Lloyd Kelly,BOU,D,no,yes,418,,
Lucas Digne,AVL,D,no,yes,36,69,123
Lucas Moura,TOT,"M,F",no,yes,68,70,40
Lucas Torreira,ARS,M,no,yes,235,,
Luis Diaz,LIV,F,no,yes,,,83
Luka Milivojevic,CRY,F,no,yes,236,315,342
Lukas Rupp,NOR,M,no,yes,414,,338
Lukasz Fabianski,WHU,G,no,yes,194,230,281
Luke Ayling,LEE,D,no,yes,,152,250
Luke Cundle,WOL,M,no,yes,,,460
Luke Freeman,SHU,M,no,yes,436,,
Luke Shaw,MUN,D,no,yes,110,42,189
Luke Thomas,LEI,D,no,yes,249,236,149
Lyanco,SOU,D,no,yes,,,344
Lys Mousset,SHU,F,no,yes,167,452,
Mads Bech Sorensen,BRF,D,no,yes,,,429
Mads Bidstrup,BRF,M,no,yes,,,515
Mads Rasmussen,BRF,D,no,yes,,,303
Malang Sarr,CHE,D,no,yes,,,216
Mamadou Sakho,CRY,D,no,yes,407,437,
Manuel Lanzini,WHU,M,no,yes,225,298,137
Marc Albrighton,LEI,M,no,yes,150,58,226
Marc Cucurella,BHA,D,no,yes,,,58
Marcal,WOL,D,no,yes,,359,124
Marco Stiepermann,NOR,M,no,yes,404,,
Marcos Alonso,CHE,D,no,yes,19,93,12
Marcos Rojo,MUN,D,no,yes,470,,
Marcus Forss,BRF,F,no,yes,,,471
Marcus Rashford,MUN,F,no,yes,14,15,225
Marek Rodak,FUL,G,no,yes,,453,
Mario Lemina,FUL,M,no,yes,,176,
Mario Vrancic,NOR,M,no,yes,421,,
Mark Noble,WHU,M,no,yes,256,309,452
Mark Travers,BOU,G,no,yes,378,,
Martin Dubravka,NEW,G,no,yes,76,285,392
Martin Kelly,CRY,D,no,yes,230,485,
Martin Montoya,BHA,D,no,yes,293,,
Martin Odegaard,ARS,M,no,yes,,363,76
Marvelous Nakamba,AVL,M,no,yes,309,348,322
Mason Greenwood,MUN,F,no,yes,65,108,60
Mason Holgate,EVE,D,no,yes,204,205,396
Mason Mount,CHE,"M,F",no,yes,63,19,10
Mat Ryan,ARS,G,no,yes,174,413,
Matej Vydra,BUR,F,no,yes,325,256,353
Mateo Kovacic,CHE,M,no,yes,39,122,49
Mateusz Klich,LEE,M,no,yes,,164,222
Matheus Pereira,WBA,"M,F",no,yes,,95,
Mathias Antonsen Normann,NOR,M,no,yes,,,243
Mathias Jensen,BRF,M,no,yes,,,98
Matt Doherty,TOT,D,no,yes,27,111,115
Matt Phillips,WBA,M,no,yes,,289,
Matt Ritchie,NEW,"D,M",no,yes,197,297,389
Matt Targett,NEW,D,no,yes,120,119,160
Matteo Guendouzi,ARS,M,no,yes,171,,
Matthew Cash,AVL,D,no,yes,,54,80
Matthew Longstaff,NEW,M,no,yes,423,431,
Matthew Lowton,BUR,D,no,yes,336,195,175
Matty James,LEI,M,no,yes,504,,
Max Aarons,NOR,D,no,yes,390,,416
Max Lowe,SHU,D,no,yes,,399,
Max Meyer,CRY,M,no,yes,422,,
Max Thompson,BUR,F,no,yes,498,,
Maxime Le Marchand,FUL,D,no,yes,,470,
Maximilian Kilman,WOL,D,no,yes,443,281,163
Maxwel Cornet,BUR,"D,M,F",no,yes,,,170
Maya Yoshida,SOU,D,no,yes,426,,
Mbaye Diagne,WBA,F,no,yes,,307,
Mbwana Samatta,AVL,F,no,yes,405,,
Mesut Ozil,ARS,M,no,yes,273,,
Michael Hector,FUL,D,no,yes,,440,
Michael Keane,EVE,D,no,yes,189,151,147
Michael McGovern,NOR,G,yes,yes,460,,
Michael Obafemi,SOU,F,no,yes,330,513,
Michael Olise,CRY,F,no,yes,,,132
Michail Antonio,WHU,F,no,yes,16,38,110
Michy Batshuayi,CRY,F,no,yes,380,349,
Miguel Almiron,NEW,M,no,yes,179,150,207
Milot Rashica,NOR,M,no,yes,,,369
Mohamed Elneny,ARS,M,no,yes,,322,246
Mohamed Elyounoussi,SOU,M,no,yes,,,235
Mohamed Salah,LIV,F,no,yes,8,33,1
Mohammed Salisu,SOU,D,no,yes,,294,144
Moise Kean,EVE,F,no,yes,270,495,531
Moises Caicedo,BHA,M,no,yes,,,284
Morgan Gibbs-White,WOL,M,yes,yes,453,357,530
Morgan Sanson,AVL,M,no,yes,,387,313
Morgan Schneiderlin,EVE,M,no,yes,314,,
Moritz Leitner,NOR,M,no,yes,417,,
Moussa Djenepo,SOU,M,no,yes,237,174,435
Moussa Sissoko,WAT,M,no,yes,218,264,368
Muhamed Besic,SHU,M,no,yes,384,,
Nabil Bentaleb,NEW,M,no,yes,343,,
Naby Keita,LIV,M,no,yes,87,250,93
Nacho Monreal,ARS,D,no,yes,361,,
Nampalys Mendy,LEI,M,no,yes,319,304,394
Nathan Ake,MCI,D,no,yes,283,231,156
Nathan Broadhead,EVE,F,no,yes,,477,
Nathan Collins,BUR,D,no,yes,,,81
Nathan Ferguson,CRY,D,no,yes,,,526
Nathan Holland,WHU,M,no,yes,477,,
Nathan Redmond,SOU,M,no,yes,135,238,148
Nathan Tella,SOU,M,no,yes,471,385,370
Nathan Young-Coombes,BRF,F,yes,yes,,,520
Nathaniel Chalobah,WAT,M,no,yes,408,,
Nathaniel Clyne,CRY,D,no,yes,,415,292
Nathaniel Phillips,LIV,D,no,yes,,40,
Neal Maupay,BHA,F,no,yes,272,219,259
Neco Williams,LIV,D,no,yes,292,303,486
Neeskens Kebano,FUL,M,no,yes,,463,
Neil Taylor,AVL,D,no,yes,406,521,
Nelson Semedo,WOL,D,no,yes,,101,96
Nemanja Matic,MUN,M,no,yes,105,125,113
Ngolo Kante,CHE,M,yes,yes,80,86,26
Niall Huggins,LEE,F,no,yes,,519,
Nick Pope,BUR,G,no,yes,107,133,200
Nicolas Nkoulou,WAT,D,no,yes,,,461
Nicolas Otamendi,MCI,D,no,yes,52,,
Nicolas Pepe,ARS,"M,F",no,yes,32,52,218
Niels Nkounkou,EVE,D,no,yes,,388,
Nikola Vlasic,WHU,M,no,yes,,,331
Nuno Tavares,ARS,D,no,yes,,,173
Odion Ighalo,MUN,F,no,yes,480,523,
Odsonne Edouard,CRY,F,no,yes,,,131
Okay Yokuslu,WBA,M,no,yes,,121,
Ola Aina,FUL,D,no,yes,,277,
Oleksandr Zinchenko,MCI,D,no,yes,70,62,97
Oliver Burke,SHU,M,no,yes,,371,
Oliver McBurnie,SHU,F,yes,yes,85,301,
Oliver Norwood,SHU,M,no,yes,178,331,
Oliver Skipp,TOT,M,no,yes,458,,410
Olivier Giroud,CHE,F,no,yes,96,209,
Ollie Watkins,AVL,F,no,yes,,102,224
Ondrej Duda,NOR,M,no,yes,351,,
Onel Hernandez,NOR,M,no,yes,181,,
Oriol Romeu,SOU,M,no,yes,251,140,251
Orjan Nyland,AVL,G,no,yes,429,,
Oskar Buur,WOL,D,no,yes,,520,
Oumar Niasse,EVE,F,no,yes,513,,
Owen Otasowie,WOL,M,no,yes,,374,
Ozan Kabak,NOR,D,no,yes,,232,428
Ozan Tufan,WAT,M,no,yes,,,445
Pablo Fornals,WHU,M,no,yes,162,120,141
Pablo Hernandez,LEE,M,no,yes,,433,
Pablo Mari,ARS,D,no,yes,346,329,395
Pablo Zabaleta,WHU,D,no,yes,425,,
Pascal Gross,BHA,M,no,yes,165,25,50
Pascal Struijk,LEE,D,no,yes,,202,355
Patrick Bamford,LEE,F,no,yes,,88,307
Patrick Cutrone,WOL,F,no,yes,381,515,
Patrick Roberts,NOR,F,no,yes,478,,
Patrick van Aanholt,CRY,D,yes,yes,137,360,
Patson Daka,LEI,F,no,yes,,,215
Paul Dummett,NEW,D,no,yes,357,412,459
Paul Pogba,MUN,M,no,yes,73,13,41
Paulo Gazzaniga,TOT,G,no,yes,112,,
Pedro,CHE,F,no,yes,147,,
Pedro Neto,WOL,F,no,yes,168,16,360
Pelenda Joshua Da Silva,BRF,M,no,yes,,,415
Pepe Reina,AVL,G,no,yes,320,,
Percy Tau,BHA,F,no,yes,,455,
Peter Etebo,WAT,M,no,yes,,,441
Phil Bardsley,BUR,D,no,yes,183,435,
Phil Foden,MCI,"M,F",no,yes,93,8,16
Phil Jagielka,SHU,D,no,yes,438,426,
Phil Jones,MUN,D,no,yes,356,,371
Philip Billing,BOU,M,no,yes,128,,
Philippe Coutinho,AVL,M,no,yes,,,75
Pierre Lees-Melou,NOR,M,yes,yes,,,297
Pierre-Emerick Aubameyang,ARS,F,yes,yes,57,144,219
Pierre-Emile Hojbjerg,TOT,M,yes,yes,111,188,72
Pontus Jansson,BRF,D,no,yes,,,233
Przemyslaw Placheta,NOR,M,no,yes,,,432
Raheem Sterling,MCI,F,no,yes,22,26,9
Rakeem Harper,WBA,M,no,yes,,478,
Ralf Fahrmann,NOR,G,no,yes,451,,
Raphael Varane,MUN,D,no,yes,,,240
Raphinha,LEE,M,no,yes,,14,23
Raul Jimenez,WOL,F,no,yes,25,156,228
Ravel Morrison,SHU,M,no,yes,515,,
Rayan Ait-Nouri,WOL,D,yes,yes,,146,45
Reda Khadra,BHA,M,no,yes,,511,
Reece James,CHE,D,no,yes,50,22,7
Reiss Nelson,ARS,F,no,yes,264,492,505
Rhian Brewster,SHU,F,no,yes,,416,
Rhys Williams,LIV,D,no,yes,,224,
Ricardo Pereira,LEI,D,no,yes,10,201,122
Richairo Zivkovic,SHU,F,no,yes,502,,
Richarlison,EVE,F,no,yes,72,99,118
Rico Henry,BRF,D,no,yes,,,227
Riyad Mahrez,MCI,F,no,yes,2,10,20
Rob Holding,ARS,D,no,yes,427,378,236
Robbie Brady,BUR,M,no,yes,313,243,
Robert Sanchez,BHA,G,no,yes,,246,326
Robert Snodgrass,WBA,M,no,yes,86,425,
Roberto Firmino,LIV,F,no,yes,35,44,145
Roberto Jimenez,WHU,G,no,yes,193,,
Roberto Pereyra,WAT,M,no,yes,233,,
Robin Koch,LEE,"D,M",no,yes,,267,398
Robin Olsen,AVL,G,no,yes,,422,481
Rodri,MCI,M,no,yes,53,43,32
Rodrigo,LEE,"M,F",no,yes,,113,182
Rodrigo Bentancur,TOT,M,no,yes,,,187
Romain Perraud,SOU,D,no,yes,,,315
Romain Saiss,WOL,D,no,yes,152,254,133
Romaine Sawyers,WBA,M,no,yes,,407,
Romelu Lukaku,CHE,F,no,yes,,,86
Ross Barkley,CHE,M,no,yes,92,96,361
Ruben Dias,MCI,D,no,yes,,53,33
Ruben Loftus-Cheek,CHE,M,yes,yes,360,361,100
Ruben Neves,WOL,M,no,yes,156,85,101
Ruben Vinagre,WOL,D,no,yes,248,366,
Rui Patricio,WOL,G,no,yes,177,222,
Runar Alex Runarsson,ARS,G,no,yes,,475,
Ryan Bennett,LEI,D,no,yes,410,,
Ryan Bertrand,LEI,D,no,yes,296,403,449
Ryan Fraser,NEW,M,no,yes,192,263,256
Ryan Fredericks,WHU,D,no,yes,222,313,454
Sadio Mane,LIV,F,no,yes,3,6,14
Said Benrahma,WHU,"M,F",no,yes,,117,48
Salomon Rondon,EVE,F,no,yes,,,366
Sam Byram,NOR,D,no,yes,399,,253
Sam Field,WBA,M,no,yes,,479,
Sam Greenwood,LEE,F,no,yes,,,391
Sam Johnstone,WBA,G,no,yes,,237,
Sam Surridge,BOU,F,no,yes,481,,
Saman Ghoddos,BRF,"M,F",no,yes,,,378
Samir,WAT,D,no,yes,,,363
Samuel Kalu,WAT,F,no,yes,,,390
Sander Berge,SHU,M,no,yes,205,293,
Saul Niguez,CHE,M,no,yes,,,336
Scott Carson,MCI,G,no,yes,,462,
Scott Dann,CRY,D,no,yes,259,408,
Scott McTominay,MUN,M,yes,yes,79,68,88
Sead Kolasinac,ARS,D,no,yes,242,389,477
Seamus Coleman,EVE,D,no,yes,131,79,258
Sean Longstaff,NEW,M,no,yes,305,409,341
Sebastian Prodl,WAT,D,no,yes,466,,
Sebastien Haller,WHU,F,no,yes,102,182,
Semi Ajayi,WBA,D,no,yes,,395,
Serge Aurier,TOT,D,no,yes,20,11,
Sergi Canos,BRF,"M,F",no,yes,,,274
Sergio Aguero,MCI,F,no,yes,18,233,
Sergio Reguilon,TOT,D,no,yes,,61,35
Shandon Baptiste,BRF,M,no,yes,,,269
Shane Duffy,BHA,D,no,yes,316,,151
Shane Long,SOU,F,no,yes,126,464,352
Shkodran Mustafi,ARS,D,no,yes,271,498,
Shola Shoretire,MUN,F,no,yes,,489,525
Sidnei Tavares,LEI,M,no,yes,,459,
Simon Francis,BOU,D,no,yes,388,,
Simon Moore,SHU,G,no,yes,447,,
Sofiane Boufal,SOU,M,no,yes,195,,
Sokratis,ARS,D,no,yes,287,,
Solly March,BHA,M,no,yes,275,57,109
Son Heung-Min,TOT,"M,F",yes,yes,11,20,5
Sonny Perkins,WHU,M,no,yes,,,509
Steve Cook,BOU,D,no,yes,315,,
Steven Alzate,BHA,M,no,yes,284,379,302
Steven Bergwijn,TOT,F,no,yes,246,260,317
Stuart Armstrong,SOU,M,no,yes,82,92,161
Stuart Dallas,LEE,"D,M",no,yes,,198,157
Stuart McKinstry,LEE,M,yes,yes,,,508
Tahith Chong,MUN,M,no,yes,500,,
Takehiro Tomiyasu,ARS,D,no,yes,,,54
Takumi Minamino,LIV,F,no,yes,364,275,351
Tammy Abraham,CHE,F,no,yes,43,112,
Tanguy Ndombele,TOT,M,no,yes,134,98,278
Tariq Lamptey,BHA,D,no,yes,345,172,108
Tariqe Fosu-Henry,BRF,M,yes,yes,,,494
Taylor Richards,BHA,"M,F",no,yes,,,506
Teemu Pukki,NOR,F,no,yes,186,,346
Terence Kongolo,FUL,D,no,yes,,466,
Thakgalo Leshabela,LEI,M,no,yes,,502,
Theo Corbeanu,WOL,F,no,yes,,473,
Theo Walcott,SOU,M,no,yes,172,193,405
Thiago,LIV,M,no,yes,,35,37
Thiago Silva,CHE,D,no,yes,,67,25
Thomas Partey,ARS,M,no,yes,,181,89
Tim Iroegbunam,AVL,M,no,yes,,,386
Tim Krul,NOR,G,no,yes,201,,333
Tim Ream,FUL,D,no,yes,,424,
Timm Klose,NOR,D,no,yes,419,,
Timo Werner,CHE,F,no,yes,,37,202
Timothy Castagne,LEI,D,no,yes,,63,231
Timothy Fosu-Mensah,MUN,D,yes,yes,387,375,
Toby Alderweireld,TOT,D,no,yes,310,165,
Todd Cantwell,NOR,M,no,yes,191,,436
Tom Cairney,FUL,M,no,yes,,317,
Tom Cleverley,WAT,M,no,yes,350,,356
Tom Davies,EVE,M,no,yes,341,163,359
Tom Heaton,AVL,G,no,yes,219,,
Tom Trybull,NOR,M,no,yes,402,,
Tomas Soucek,WHU,M,no,yes,164,80,143
Tommy Doyle,MCI,M,no,yes,485,,
Tony Springett,NOR,M,no,yes,,,476
Tosin Adarabioyo,FUL,D,no,yes,,259,
Toti,WOL,D,no,yes,,,442
Trent Alexander-Arnold,LIV,D,yes,yes,4,9,2
Trevoh Chalobah,CHE,"D,M",no,yes,,,30
Trezeguet,AVL,"M,F",no,yes,149,148,502
Trincao,WOL,F,no,yes,,,119
Troy Deeney,WAT,F,no,yes,115,,500
Troy Parrott,TOT,F,no,yes,497,,
Tyler Morton,LIV,M,no,yes,,,402
Tyler Onyango,EVE,M,no,yes,,,522
Tyler Roberts,LEE,"M,F",no,yes,,257,260
Tyrese Francois,FUL,M,no,yes,,516,
Tyrick Mitchell,CRY,D,no,yes,439,392,238
Tyrone Mings,AVL,D,no,yes,369,131,174
Valentino Lazaro,NEW,M,no,yes,365,,
Valentino Livramento,SOU,D,no,yes,,,105
Vicente Guaita,CRY,G,no,yes,108,282,276
Victor Camarasa,CRY,M,no,yes,503,,
Victor Lindelof,MUN,D,no,yes,227,177,221
Victor Wanyama,TOT,M,no,yes,490,,
Virgil van Dijk,LIV,D,yes,yes,46,274,15
Vitalii Mykolenko,EVE,D,no,yes,,,234
Vitaly Janelt,BRF,M,no,yes,,,230
Vitinha,WOL,M,no,yes,,308,
Vladimir Coufal,WHU,D,no,yes,,89,104
Wayne Hennessey,BUR,G,no,yes,435,,456
Wes Morgan,LEI,D,no,yes,298,509,
Wesley,AVL,F,no,yes,385,481,496
Wesley Fofana,LEI,D,no,yes,,72,358
Wilfred Ndidi,LEI,M,no,yes,40,21,164
Wilfried Zaha,CRY,F,no,yes,139,199,120
Will Hughes,CRY,M,no,yes,307,,289
Will Norris,BUR,G,no,yes,,451,
William Fish,MUN,D,no,yes,,503,
William Smallbone,SOU,M,no,yes,376,446,409
William Troost-Ekong,WAT,D,yes,yes,,,423
Willian,ARS,F,no,yes,7,136,
Willian Jose,WOL,F,no,yes,,323,
Willy Boly,WOL,D,no,yes,41,166,335
Willy Caballero,SOU,G,no,yes,327,398,462
Wout Weghorst,BUR,F,no,yes,,,332
Xherdan Shaqiri,LIV,"M,F",no,yes,334,270,
Yan Valery,SOU,D,no,yes,358,457,381
Yerry Mina,EVE,D,no,yes,210,173,384
Yoane Wissa,BRF,M,no,yes,,,232
Yoshinori Muto,NEW,F,no,yes,442,,
Youri Tielemans,LEI,M,no,yes,74,51,70
Yves Bissouma,BHA,M,no,yes,136,135,126
Zack Steffen,MCI,G,no,yes,,471,465
Zanka,BRF,D,no,yes,,,433